{
  "r": 0.2530135067854285,
  "tP": 36.9261378465006,
  "u_ed": 96.97470756260722,
  "w": 0.2286512338557095,
  "xi": 0.3122926350890057
}