{
  "r": 0.2685532162433374,
  "tP": 36.67013906384262,
  "u_ed": 94.27273636905251,
  "w": 0.3958133016507336,
  "xi": 0.3902720670592778
}